{
  "method": "avg",
  "num_markers": 30, "list_markers": [1, 2, 3, 6, 7, 8, 10, 11, 12, 16, 17, 21, 22, 24, 25, 26, 29, 30, 33, 35, 37, 38, 39, 41, 42, 43, 50, 51, 52, 53],
  "error_info": [
    ["avg_aruco_error",
      4.964364527719238, "(R+T) avg error w/o outliers"
    ],
    ["avg_aruco_rotation_error",
      0.7133711673568441, "(R) avg rotation error(deg) w/o outliers"
    ],
    ["avg_aruco_translation_error",
      4.2509933603623935, "(T) avg translation error(mm) w/o outliers"
    ]
  ],
  "results": {
    "1": {
      "Tmat": [
        [0.999897725234609, -0.011791197952223059, 0.008093622273495337, -0.4807963572219901],
        [0.011616207589345654, 0.9997048425754482, 0.021337559664591922, 0.790511461433402],
        [-0.008342828770612393, -0.02124136017420452, 0.9997395670003535, 0.0029999999999998916],
        [0.0, 0.0, 0.0, 1.0]
      ],
      "xyz": [-0.4807963572219901, 0.790511461433402, 0.0029999999999998916],
      "qxyzw": [-0.010645605417349678, 0.004109450707993512, 0.005852332660923428, 0.9999177634698776]
    },
    "2": {
      "Tmat": [
        [0.9999868897230001, 0.004683271065745141, 0.0020705927280214895, -0.4878022957817443],
        [-0.004706542650084004, 0.9999241597230181, 0.01138082855066424, 0.15256561410799785],
        [-0.0020171361886399566, -0.01139042467783482, 0.9999330924553178, 0.0015116498830958225],
        [0.0, 0.0, 0.0, 1.0]
      ],
      "xyz": [-0.4878022957817443, 0.15256561410799785, 0.0015116498830958225],
      "qxyzw": [-0.005692924219248262, 0.0010219521392986763, -0.002347499163997329, 0.9999805175478838]
    },
    "3": {
      "Tmat": [
        [0.9996177668900055, 0.013774858731119182, -0.023970260423627023, 0.123733739184355],
        [-0.012693656039098418, 0.9989203449181399, 0.044687980542712794, 0.14789932200002542],
        [0.024559951429101987, -0.04436662907594544, 0.9987133778067849, -0.04802826925206882],
        [0.0, 0.0, 0.0, 1.0]
      ],
      "xyz": [0.123733739184355, 0.14789932200002542, -0.04802826925206882],
      "qxyzw": [-0.022271305333775047, -0.012136723418508244, -0.006619403270681935, 0.999656377163539]
    },
    "6": {
      "Tmat": [
        [0.9998011214473941, -0.015844474572061226, 0.012110746387745954, -0.36161756185886895],
        [0.015588108184269785, 0.9996584173599808, 0.020977594823388228, 0.309283040264054],
        [-0.012438988534784421, -0.02078463920480815, 0.9997065921245881, -0.04214410555351544],
        [0.0, 0.0, 0.0, 1.0]
      ],
      "xyz": [-0.36161756185886895, 0.309283040264054, -0.04214410555351544],
      "qxyzw": [-0.010441646934577189, 0.006138073557689361, 0.007858964900246825, 0.9998957609336036]
    },
    "7": {
      "Tmat": [
        [0.9998875803474653, 0.010702537846126577, -0.010501540389079555, 0.4886722845658832],
        [-0.010484596720610402, 0.9997329581669856, 0.020593338396051878, 0.1512818044838431],
        [0.010719137022046427, -0.020480918884180157, 0.9997327803284046, -6.570665602190218e-05],
        [0.0, 0.0, 0.0, 1.0]
      ],
      "xyz": [0.4886722845658832, 0.1512818044838431, -6.570665602190218e-05],
      "qxyzw": [-0.010269394481600792, -0.0053055982489190745, -0.005297211859879363, 0.9999191615879324]
    },
    "8": {
      "Tmat": [
        [0.999774925979311, -0.001168982811331096, -0.021183268450596305, 0.49203964319099314],
        [0.0012067214847527972, 0.9999977075166162, 0.001768837123804094, 0.4073236974918609],
        [0.0211811521481116, -0.0017940013096773223, 0.9997740446485793, -0.006403886306153517],
        [0.0, 0.0, 0.0, 1.0]
      ],
      "xyz": [0.49203964319099314, 0.4073236974918609, -0.006403886306153517],
      "qxyzw": [-0.0008907600849273418, -0.010591705348122593, 0.0005939597318405814, 0.9999433331624981]
    },
    "10": {
      "Tmat": [
        [0.9999958067144862, 0.0011829700175661443, -0.002643319008666934, -0.49039630357055264],
        [-0.0011733570827282844, 0.9999927039330734, 0.0036352873032652147, 0.5386697931985837],
        [0.0026476001587195435, -0.0036321705023868965, 0.9999898987244027, -0.004864421357033466],
        [0.0, 0.0, 0.0, 1.0]
      ],
      "xyz": [-0.49039630357055264, 0.5386697931985837, -0.004864421357033466],
      "qxyzw": [-0.0018168693548384497, -0.0013227333616816495, -0.0005890833649107824, 0.9999973011678533]
    },
    "11": {
      "Tmat": [
        [0.9999324778876348, -0.005832401443342042, 0.010051007854844118, 0.25214414107540783],
        [0.005781540673432736, 0.9999703735295271, 0.0050819140743700465, 0.7947866789006108],
        [-0.010080349841938977, -0.005023460622075104, 0.9999365736837725, -0.0129820647893375],
        [0.0, 0.0, 0.0, 1.0]
      ],
      "xyz": [0.25214414107540783, 0.7947866789006108, -0.0129820647893375],
      "qxyzw": [-0.002526394384060615, 0.005032940445697798, 0.0029035438093102744, 0.999979927936173]
    },
    "12": {
      "Tmat": [
        [0.9997412671195787, 0.01859074799986986, -0.0131065978401881, 0.36768886194732775],
        [-0.01845803358231455, 0.9997778599420195, 0.010175056070115542, 0.3109553126082093],
        [0.013292848243068003, -0.00993050142546598, 0.9998623331874373, -0.052400033363392495],
        [0.0, 0.0, 0.0, 1.0]
      ],
      "xyz": [0.36768886194732775, 0.3109553126082093, -0.052400033363392495],
      "qxyzw": [-0.0050267780466767, -0.006600371864590282, -0.009262911608114996, 0.9999226795419031]
    },
    "16": {
      "Tmat": [
        [0.9998825062671242, -0.015066406484099399, -0.0028243683595194783, 0.12251369516830762],
        [0.015097458741634833, 0.9998219924711315, 0.011315922878938789, 0.6825427433553282],
        [0.0026533753068503385, -0.011357234113697842, 0.9999319841033032, -0.05506056588108499],
        [0.0, 0.0, 0.0, 1.0]
      ],
      "xyz": [0.12251369516830762, 0.6825427433553282, -0.05506056588108499],
      "qxyzw": [-0.005668546830766073, -0.0013694981475161905, 0.007541308988621253, 0.9999545593227674]
    },
    "17": {
      "Tmat": [
        [0.9997796922206055, 0.005956567379319837, 0.020126756527734206, -0.36089673296031777],
        [-0.006240106237475329, 0.9998817612181778, 0.014054346565385976, 0.6788899928983784],
        [-0.020040661102271304, -0.01417684338245217, 0.9996986491009645, -0.044840473231745115],
        [0.0, 0.0, 0.0, 1.0]
      ],
      "xyz": [-0.36089673296031777, 0.6788899928983784, -0.044840473231745115],
      "qxyzw": [-0.0070583620880375715, 0.01004265772352686, -0.0030494123278550864, 0.9999200096182378]
    },
    "21": {
      "Tmat": [
        [0.9997185686923533, -0.0005628542807200245, 0.023716378449736383, -0.239999202569075],
        [0.00042190432200745853, 0.9999822230756314, 0.005947733136347176, 0.7920091615939345],
        [-0.02371930455252677, -0.005936053215462788, 0.9997010342416215, -0.003520934380830232],
        [0.0, 0.0, 0.0, 1.0]
      ],
      "xyz": [-0.239999202569075, 0.7920091615939345, -0.003520934380830232],
      "qxyzw": [-0.002971168755742588, 0.011859807562273006, 0.00024620806077747646, 0.9999252254555845]
    },
    "22": {
      "Tmat": [
        [0.9997113573906349, 0.013138973512321538, -0.020113907606845803, 0.49243535907003766],
        [-0.012744540084056446, 0.9997263935404322, 0.01961414685084762, 0.2802073418002504],
        [0.020366114067737487, -0.019352142870577654, 0.9996052800801407, -0.007785680972404618],
        [0.0, 0.0, 0.0, 1.0]
      ],
      "xyz": [0.49243535907003766, 0.2802073418002504, -0.007785680972404618],
      "qxyzw": [-0.009742737937329106, -0.010121216202322092, -0.006471652591756712, 0.9998803717209385]
    },
    "24": {
      "Tmat": [
        [0.9999337524669097, 0.0019407677101724206, 0.011345664288175199, -0.3623409741230458],
        [-0.0021714394220142203, 0.9997904690983319, 0.02035442828902795, 0.15236137497850044],
        [-0.011303783803724505, -0.020377716281070657, 0.9997284497056621, -0.04412194647578804],
        [0.0, 0.0, 0.0, 1.0]
      ],