{
  "method": "ba",
  "num_markers": 30, "list_markers": [1, 2, 3, 6, 7, 8, 10, 11, 12, 16, 17, 21, 22, 24, 25, 26, 29, 30, 33, 35, 37, 38, 39, 41, 42, 43, 50, 51, 52, 53],
  "error_info": [
    ["chi2",
      1.1157482093140714, "chi-squared (lower is better)"
    ]
  ],
  "results": {
    "1": {
      "Tmat": [
        [0.9998568278766686, -0.01585366311575277, 0.005914821571197079, -0.4916120910594553],
        [0.01577797328283478, 0.999795735109148, 0.012631057621793057, 0.7913839273958334],
        [-0.0061138619131459555, -0.012535925309730415, 0.9999027309039293, 0.0030000000000001137],
        [0.0, 0.0, 0.0, 1.0]
      ],
      "xyz": [-0.4916120910594553, 0.7913839273958334, 0.0030000000000001137],
      "qxyzw": [-0.0062920955092677965, 0.003007338048433117, 0.007908348723240867, 0.9999444101911044]
    },
    "2": {
      "Tmat": [
        [0.9999943117946001, -0.0015038892023664003, 0.003019055433462861, -0.4886989056595336],
        [0.001468965430337389, 0.9999323692188187, 0.01153685958155221, 0.15295721300194753],
        [-0.0030362014109393647, -0.01153235906946137, 0.9999288905593658, 0.0033044174263130444],
        [0.0, 0.0, 0.0, 1.0]
      ],
      "xyz": [-0.4886989056595336, 0.15295721300194753, 0.0033044174263130444],
      "qxyzw": [-0.0057674087859158445, 0.0015138415415665296, 0.0007432270761868141, 0.99998194628363]
    },
    "3": {
      "Tmat": [
        [0.9998608749801055, 0.00903384024766877, -0.014022140150455569, 0.12023894131834882],
        [-0.008956830717441147, 0.9999445119024237, 0.005545114942235937, 0.1517002377273223],
        [0.014071455771117854, -0.005418749542385716, 0.999886309180138, -0.04468353950025916],
        [0.0, 0.0, 0.0, 1.0]
      ],
      "xyz": [0.12023894131834882, 0.1517002377273223, -0.04468353950025916],
      "qxyzw": [-0.002741071758593016, -0.00702366966373591, -0.004497841082382054, 0.9999614612652162]
    },
    "6": {
      "Tmat": [
        [0.9997661663573686, -0.021130602537080802, 0.004594588502831836, -0.3629525485424401],
        [0.021089862749677786, 0.9997393672379191, 0.008741583605139281, 0.3127823705895126],
        [-0.0047781059312445385, -0.008642640287886517, 0.9999512360473204, -0.040612433043632046],
        [0.0, 0.0, 0.0, 1.0]
      ],
      "xyz": [-0.3629525485424401, 0.3127823705895126, -0.040612433043632046],
      "qxyzw": [-0.0043463511170113, 0.0023433327351070066, 0.010555833127152605, 0.9999320938997069]
    },
    "7": {
      "Tmat": [
        [0.99995209743498, 0.005902940735460232, -0.007807568511220157, 0.4848070211633359],
        [-0.005886196566983226, 0.9999803306974913, 0.002165850435941151, 0.154569062197541],
        [0.007820199828558595, -0.002119789803182571, 0.9999671749441735, 0.0051171555649525136],
        [0.0, 0.0, 0.0, 1.0]
      ],
      "xyz": [0.4848070211633359, 0.154569062197541, 0.0051171555649525136],
      "qxyzw": [-0.0010714235058182483, -0.003906991116487957, -0.0029473213135918783, 0.9999874503058332]
    },
    "8": {
      "Tmat": [
        [0.9999561271460464, -0.006118954195616236, -0.007092403163446346, 0.48823143959531906],
        [0.006091705131408546, 0.9999740059852378, -0.003857263593290211, 0.4128094498273929],
        [0.007115821222661635, 0.003813889535383351, 0.9999674091363873, 0.0007154790940721023],
        [0.0, 0.0, 0.0, 1.0]
      ],
      "xyz": [0.48823143959531906, 0.4128094498273929, 0.0007154790940721023],
      "qxyzw": [0.0019178128441701117, -0.0035521015893524854, 0.0030527039286467, 0.9999871927014454]
    },
    "10": {
      "Tmat": [
        [0.9999584242178935, -0.008574444185919699, 0.003103021522677993, -0.49069908245448646],
        [0.008572252840163127, 0.9999629992122354, 0.0007188099299696209, 0.5382413064655888],
        [-0.003109070104061964, -0.0006921801598238475, 0.9999949272719909, -0.0021280938977794595],
        [0.0, 0.0, 0.0, 1.0]
      ],
      "xyz": [-0.49069908245448646, 0.5382413064655888, -0.0021280938977794595],
      "qxyzw": [-0.00035275121089156907, 0.0015530391455989, 0.0042867190793851985, 0.9999895437830987]
    },
    "11": {
      "Tmat": [
        [0.999927935541226, -0.008332806718249708, 0.008642225202970586, 0.24534089227542855],
        [0.008313329267450965, 0.9999628278658649, 0.0022872347919283527, 0.8036498807281732],
        [-0.008660963038456532, -0.0022152242998752167, 0.999960039451851, -0.004428827155076309],
        [0.0, 0.0, 0.0, 1.0]
      ],
      "xyz": [0.24534089227542855, 0.8036498807281732, -0.004428827155076309],
      "qxyzw": [-0.0011256357658514138, 0.004325877737183514, 0.004161611609718191, 0.9999813501834602]
    },
    "12": {
      "Tmat": [
        [0.9997895399825629, 0.014695135514408484, -0.014315332118667787, 0.36293101094861246],
        [-0.014701855098888056, 0.9998918555348203, -0.00036426883614813966, 0.3160848512384446],
        [0.01430843101482109, 0.0005746541106236391, 0.9998974640304606, -0.04579064634708663],
        [0.0, 0.0, 0.0, 1.0]
      ],
      "xyz": [0.36293101094861246, 0.3160848512384446, -0.04579064634708663],
      "qxyzw": [0.00023474309449484536, -0.0071563175201385665, -0.007349634567061596, 0.9999473560577883]
    },
    "16": {
      "Tmat": [
        [0.9998314580980713, -0.016674910280578038, -0.007681325707240913, 0.1148268755933916],
        [0.01667283238859846, 0.9998609427255476, -0.0003344729000217175, 0.6888507193893372],
        [0.007685834868623089, 0.00020634707128408864, 0.9999704422447987, -0.048129055102127505],
        [0.0, 0.0, 0.0, 1.0]
      ],
      "xyz": [0.1148268755933916, 0.6888507193893372, -0.048129055102127505],
      "qxyzw": [0.00013521069134929896, -0.0038419520649743966, 0.00833728704646337, 0.9999578544954302]
    },
    "17": {
      "Tmat": [
        [0.9999187224996302, 0.002986870820801384, 0.01239463583195697, -0.3710167637452201],
        [-0.0029962226954693893, 0.9999952404587228, 0.0007360091442472394, 0.6819945376860965],
        [-0.01239237847493931, -0.0007730864124457761, 0.9999229126753385, -0.04672695831239948],
        [0.0, 0.0, 0.0, 1.0]
      ],
      "xyz": [-0.3710167637452201, 0.6819945376860965, -0.04672695831239948],
      "qxyzw": [-0.0003772815822291244, 0.006196879935776889, -0.0014958038796361356, 0.9999796092463205]
    },
    "21": {
      "Tmat": [
        [0.9999971917263131, -0.0015799368101934255, 0.0017664481774544063, -0.25009537434584217],
        [0.001586631926348076, 0.9999915394849198, -0.0037952019327582498, 0.7948284012518356],
        [-0.0017604370531571808, 0.003797993977867108, 0.9999912380131765, -0.0013345289317335807],
        [0.0, 0.0, 0.0, 1.0]
      ],
      "xyz": [-0.25009537434584217, 0.7948284012518356, -0.0013345289317335807],
      "qxyzw": [0.001898303730724292, 0.0008817235153563141, 0.0007916441662937206, 0.9999974961499165]
    },
    "22": {
      "Tmat": [
        [0.9998782579284652, 0.009752773882293344, -0.012180013281574555, 0.4901679192568457],
        [-0.009694258194490908, 0.9999412279306145, 0.004854074852544219, 0.2836789836814797],
        [0.012226638131433402, -0.004735407713852528, 0.9999140389222396, -0.00238553525218399],
        [0.0, 0.0, 0.0, 1.0]
      ],
      "xyz": [0.4901679192568457, 0.2836789836814797, -0.00238553525218399],
      "qxyzw": [-0.0023974505005725775, -0.006101866106150711, -0.004861919969541727, 0.9999666900428882]
    },
    "24": {
      "Tmat": [
        [0.9999743766700756, -0.0045345739585718955, 0.005539281750132905, -0.36508754061301124],
        [0.004483362739828237, 0.999947418369546, 0.00922279538012451, 0.15348814403487815],
        [-0.005580811933422863, -0.009197724451991523, 0.999942126526865, -0.04709861149356043],
        [0.0, 0.0, 0.0, 1.0]
      ],
      "xyz": [-0.36508754061301124, 0.15348814403487815, -0.04709861149356043],
      "qxyzw": [-0.004605208292386492, 0.002780070709749727, 0.002254522523912969, 0.9999829900511418]
    },