{
  "method": "avg",
  "num_markers": 30, "list_markers": [1, 2, 3, 6, 7, 8, 10, 11, 12, 16, 17, 21, 22, 24, 25, 26, 29, 30, 33, 35, 37, 38, 39, 41, 42, 43, 50, 51, 52, 53],
  "error_info": [
    ["avg_aruco_error",
      5.0218821506515505, "(R+T) avg error w/o outliers"
    ],
    ["avg_aruco_rotation_error",
      0.7012218316845024, "(R) avg rotation error(deg) w/o outliers"
    ],
    ["avg_aruco_translation_error",
      4.3206603189670485, "(T) avg translation error(mm) w/o outliers"
    ]
  ],
  "results": {
    "1": {
      "Tmat": [
        [0.9999289611595493, -0.010024261218421076, -0.006448784490837308, -0.48909029383329783],
        [0.010113492936237459, 0.9998514559753682, 0.013956476796286508, 0.7933441013913486],
        [0.006307923193340255, -0.014020705080753445, 0.9998818079823362, 0.0030000000000003357],
        [0.0, 0.0, 0.0, 1.0]
      ],
      "xyz": [-0.48909029383329783, 0.7933441013913486, 0.0030000000000003357],
      "qxyzw": [-0.006994590800130729, -0.003189311582555532, 0.005034651115488589, 0.9999577772482763]
    },
    "2": {
      "Tmat": [
        [0.9999750085261038, 0.0026462021777086987, -0.0065559085757129305, -0.4889997105189977],
        [-0.002743699444770243, 0.9998851115214109, -0.014907577642676821, 0.15233353498425595],
        [0.006515706912928488, 0.014925192523058507, 0.9998673833021929, 0.004492370271560464],
        [0.0, 0.0, 0.0, 1.0]
      ],
      "xyz": [-0.4889997105189977, 0.15233353498425595, 0.004492370271560464],
      "qxyzw": [0.00745844659597495, -0.003268015189455298, -0.001347521305781728, 0.999965937338581]
    },
    "3": {
      "Tmat": [
        [0.9999534579968878, 0.008439160914275313, 0.004675724877372346, 0.12088374673529459],
        [-0.00841058772500501, 0.9999460410575642, -0.006097293450763524, 0.14841388831264046],
        [-0.004726928620775391, 0.006057684076253715, 0.9999704798690042, -0.03864698007467704],
        [0.0, 0.0, 0.0, 1.0]
      ],
      "xyz": [0.12088374673529459, 0.14841388831264046, -0.03864698007467704],
      "qxyzw": [0.0030387937705603604, 0.0023507015799412168, -0.004212505624690968, 0.9999837472333557]
    },
    "6": {
      "Tmat": [
        [0.9997613281723537, -0.018963309634441535, 0.010848021882312962, -0.3592116879629122],
        [0.018900221304339604, 0.9998040319561977, 0.005888914906657121, 0.3096427204832784],
        [-0.010957569333471372, -0.005682479374283379, 0.9999238176493562, -0.02866593235630388],
        [0.0, 0.0, 0.0, 1.0]
      ],
      "xyz": [-0.3592116879629122, 0.3096427204832784, -0.02866593235630388],
      "qxyzw": [-0.002893033304345827, 0.005451745924181184, 0.009466487215498934, 0.9999361451835195]
    },
    "7": {
      "Tmat": [
        [0.9997847641014831, 0.007939656040906852, 0.019167350690529324, 0.48299748312522117],
        [-0.007343637188971342, 0.9994933943372297, -0.030968139580540503, 0.15083968392632102],
        [-0.019403516778625486, 0.030820716055847467, 0.9993365734318076, 0.009184230659299297],
        [0.0, 0.0, 0.0, 1.0]
      ],
      "xyz": [0.48299748312522117, 0.15083968392632102, 0.009184230659299297],
      "qxyzw": [0.015449889420688168, 0.009644387019647649, -0.0038214850874584093, 0.9998268264892828]
    },
    "8": {
      "Tmat": [
        [0.9999970918058055, -0.0021831846559636106, 0.0010247363998495194, 0.4862200374019026],
        [0.0021825698879007044, 0.9999974377928127, 0.000600663379066092, 0.40741125903230097],
        [-0.0010260451333351218, -0.0005984250734110139, 0.9999992945591596, 0.00895581630131681],
        [0.0, 0.0, 0.0, 1.0]
      ],
      "xyz": [0.4862200374019026, 0.40741125903230097, 0.00895581630131681],
      "qxyzw": [-0.0002997723445377089, 0.0005126957790873021, 0.0010914394785360962, 0.9999992280194242]
    },
    "10": {
      "Tmat": [
        [0.9999633465030066, -0.007033468037016933, -0.00488221034780909, -0.49326736854038356],
        [0.0070160072985504815, 0.9999689635164, -0.003584361243543624, 0.5409961048295391],
        [0.004907269311407288, 0.0035499762407363534, 0.9999816580200838, 0.001707071216696665],
        [0.0, 0.0, 0.0, 1.0]
      ],
      "xyz": [-0.49326736854038356, 0.5409961048295391, 0.001707071216696665],
      "qxyzw": [0.0017836035520369445, -0.002447396234232513, 0.0035124066064982718, 0.9999892459471114]
    },
    "11": {
      "Tmat": [
        [0.9999057076002781, -0.004410342070291173, 0.01300479877621481, 0.24900569599769265],
        [0.004215522789371762, 0.9998790551623448, 0.0149701174100204, 0.7961772134533239],
        [-0.013069249251548686, -0.014913883816113298, 0.9998033660643082, 0.001111859982589114],
        [0.0, 0.0, 0.0, 1.0]
      ],
      "xyz": [0.24900569599769265, 0.7961772134533239, 0.001111859982589114],
      "qxyzw": [-0.0074713849724473425, 0.006518847631258429, 0.002156577246774076, 0.9999485147780023]
    },
    "12": {
      "Tmat": [
        [0.9997077657262574, 0.0196356058173792, -0.01410057200253292, 0.36239131748110603],
        [-0.0195506965764292, 0.9997900469980414, 0.006134507888259941, 0.31048807119176364],
        [0.01421806632388913, -0.005857039170026818, 0.999881763851192, -0.03355067007954138],
        [0.0, 0.0, 0.0, 1.0]
      ],
      "xyz": [0.36239131748110603, 0.31048807119176364, -0.03355067007954138],
      "qxyzw": [-0.0029981192865177675, -0.007080208693814649, -0.009797335439967785, 0.9999224440644748]
    },
    "16": {
      "Tmat": [
        [0.9998862501487785, -0.014861403368666627, 0.0025739955959343985, 0.11920758067488685],
        [0.014819131187606993, 0.9997664637822483, 0.015729311719969385, 0.6819573752885448],
        [-0.002807154120920371, -0.01568937813468888, 0.9998729735818891, -0.04136114970113702],
        [0.0, 0.0, 0.0, 1.0]
      ],
      "xyz": [0.11920758067488685, 0.6819573752885448, -0.04136114970113702],
      "qxyzw": [-0.007855138201238603, 0.0013453671971362935, 0.007420573610952178, 0.9999407091814139]
    },
    "17": {
      "Tmat": [
        [0.9999839951180702, -0.0005344358425321402, 0.0056323961182911265, -0.3641427348583678],
        [0.0004159627470141442, 0.999779085599522, 0.02101444676352466, 0.6775165494816782],
        [-0.005642382714440809, -0.02101176756282373, 0.9997633065587024, -0.03404424560343067],
        [0.0, 0.0, 0.0, 1.0]
      ],
      "xyz": [-0.3641427348583678, 0.6775165494816782, -0.03404424560343067],
      "qxyzw": [-0.01050717564151035, 0.0028188615942127404, 0.00023761371491282918, 0.9999407966570187]
    },
    "21": {
      "Tmat": [
        [0.9999240083634625, -0.005301000927696564, 0.011129999438927292, -0.24514558230307243],
        [0.005170250560008476, 0.9999176741698647, 0.011743653259352744, 0.7916864520422947],
        [-0.011191336269306448, -0.011685215954090541, 0.9998690962924167, 0.008076000070069034],
        [0.0, 0.0, 0.0, 1.0]
      ],
      "xyz": [-0.24514558230307243, 0.7916864520422947, 0.008076000070069034],
      "qxyzw": [-0.005857429068752977, 0.005580535681840915, 0.0026179075179229945, 0.9999638466996874]
    },
    "22": {
      "Tmat": [
        [0.9998974237338295, 0.011789212529834408, -0.008133663281508729, 0.4884306202185779],
        [-0.011847751669072842, 0.9999039850528697, -0.007186894724346385, 0.28141734071964025],
        [0.008048154498923918, 0.007282523142239427, 0.9999410942979814, 0.00480355721801029],
        [0.0, 0.0, 0.0, 1.0]
      ],
      "xyz": [0.4884306202185779, 0.28141734071964025, 0.00480355721801029],
      "qxyzw": [0.0036174709044702897, -0.004045584662900281, -0.005909431260328121, 0.9999678123675632]
    },
    "24": {
      "Tmat": [
        [0.9999505498683801, -0.0009999079119668794, 0.009894341923127842, -0.3609978092930456],
        [0.0010288275173845989, 0.9999952128447579, -0.002918184625142494, 0.15033027556739192],
        [-0.009891376641481781, 0.0029282198917656176, 0.9999467916826383, -0.03495988341072376],
        [0.0, 0.0, 0.0, 1.0]
      ],