{
  "method": "ba",
  "num_markers": 30, "list_markers": [1, 2, 3, 6, 7, 8, 10, 11, 12, 16, 17, 21, 22, 24, 25, 26, 29, 30, 33, 35, 37, 38, 39, 41, 42, 43, 50, 51, 52, 53],
  "error_info": [
    ["chi2",
      2.1618291547709205, "chi-squared (lower is better)"
    ]
  ],
  "results": {
    "1": {
      "Tmat": [
        [0.9999291692014244, -0.011893901476603061, 0.00043782166979820157, -0.49130431274851843],
        [0.011886361855958733, 0.999825582779986, 0.014405499661250567, 0.7918795936229355],
        [-0.0006090828998518171, -0.01439927520141037, 0.9998961395523515, 0.0030000000000000027],
        [0.0, 0.0, 0.0, 1.0]
      ],
      "xyz": [-0.49130431274851843, 0.7918795936229355, 0.0030000000000000027],
      "qxyzw": [-0.007201507985948554, 0.00026173756451197683, 0.005945325284225395, 0.999956360489517]
    },
    "2": {
      "Tmat": [
        [0.9999843360271928, 0.0003276970650062627, 0.005587514195836394, -0.48810891864909],
        [-0.00032089064255867375, 0.9999992055318797, -0.0012190015606693303, 0.15154211464739692],
        [-0.005587909219968176, 0.001217189485241287, 0.9999836467264387, 0.006099120753117582],
        [0.0, 0.0, 0.0, 1.0]
      ],
      "xyz": [-0.48810891864909, 0.15154211464739692, 0.006099120753117582],
      "qxyzw": [0.0006090502594806463, 0.0027938673129215275, -0.00016214759193510243, 0.9999958985272777]
    },
    "3": {
      "Tmat": [
        [0.9999702216134232, 0.0071319494414394165, 0.0029480813366745693, 0.11942726480599192],
        [-0.007143080191716492, 0.9999673341515247, 0.003782464179243978, 0.14882172903150795],
        [-0.002921008691805905, -0.0038034099249629957, 0.9999885008244671, -0.041746489884063265],
        [0.0, 0.0, 0.0, 1.0]
      ],
      "xyz": [0.11942726480599192, 0.14882172903150795, -0.041746489884063265],
      "qxyzw": [-0.0018964860552136353, 0.0014672860691997691, -0.0035687903945081354, 0.9999907570309604]
    },
    "6": {
      "Tmat": [
        [0.9996777613851512, -0.021024839381260693, 0.014224258186843268, -0.36171062620530153],
        [0.020841824271147804, 0.9996996289164389, 0.012894584343250902, 0.3101788082772191],
        [-0.014491092195703893, -0.012593969720735305, 0.9998156831004649, -0.03203646096806134],
        [0.0, 0.0, 0.0, 1.0]
      ],
      "xyz": [-0.36171062620530153, 0.3101788082772191, -0.03203646096806134],
      "qxyzw": [-0.006372781344264043, 0.007179561804585566, 0.010467721801749026, 0.9998991290877866]
    },
    "7": {
      "Tmat": [
        [0.9999901585175105, 0.0035994094165506863, 0.00259366921076777, 0.4847496768642628],
        [-0.003611451953135719, 0.9999826513852632, 0.004653422749917712, 0.15235285640415103],
        [-0.002576874640534624, -0.00466274386507609, 0.9999858091676782, 0.002759823318596033],
        [0.0, 0.0, 0.0, 1.0]
      ],
      "xyz": [0.4847496768642628, 0.15235285640415103, 0.002759823318596033],
      "qxyzw": [-0.0023290537010804673, 0.001292642649186715, -0.0018027246672485198, 0.9999948273704281]
    },
    "8": {
      "Tmat": [
        [0.999963055120741, -0.00793176679616985, 0.003312924551832081, 0.4877595797137256],
        [0.007949828161476954, 0.9999534130113429, -0.005474672517170403, 0.41047272376831473],
        [-0.003269346386961963, 0.005500807436954392, 0.9999795260362799, -0.0028578125785975184],
        [0.0, 0.0, 0.0, 1.0]
      ],
      "xyz": [0.4877595797137256, 0.41047272376831473, -0.0028578125785975184],
      "qxyzw": [0.0027439056615369, 0.0016455891286959456, 0.003970450358496042, 0.9999869991865352]
    },
    "10": {
      "Tmat": [
        [0.9999745675035459, -0.006339492221950639, -0.00326729007954419, -0.49057882633614763],
        [0.006316203986177033, 0.9999549220259736, -0.00708939230354717, 0.5376662330392886],
        [0.0033120859440936446, 0.007068575131978075, 0.9999695322020079, -0.0014484815109664373],
        [0.0, 0.0, 0.0, 1.0]
      ],
      "xyz": [-0.49057882633614763, 0.5376662330392886, -0.0014484815109664373],
      "qxyzw": [0.0035395365361970935, -0.001644864767989973, 0.0031639639887347383, 0.9999873776367789]
    },
    "11": {
      "Tmat": [
        [0.999769296406093, -0.010390478007053325, 0.018798721511086188, 0.24794332408344266],
        [0.010288843008055281, 0.9999319692024484, 0.005495150268092176, 0.8005619133423887],
        [-0.01885453985707491, -0.00530046542279657, 0.9998081873004839, -0.010438350565293075],
        [0.0, 0.0, 0.0, 1.0]
      ],
      "xyz": [0.24794332408344266, 0.8005619133423887, -0.010438350565293075],
      "qxyzw": [-0.0026990694303788572, 0.009413892604443475, 0.005170147288586576, 0.9999386797335408]
    },
    "12": {
      "Tmat": [
        [0.9998978996336496, 0.012812106245473642, -0.0063277359120176855, 0.3627027219188614],
        [-0.01278440849596609, 0.9999086022208629, 0.004398420640270468, 0.31154483950518064],
        [0.006383510603563776, -0.004317075199158097, 0.9999703063861943, -0.04492093652902307],
        [0.0, 0.0, 0.0, 1.0]
      ],
      "xyz": [0.3627027219188614, 0.31154483950518064, -0.04492093652902307],
      "qxyzw": [-0.002178934750740255, -0.0031779002902767584, -0.0063993072219300446, 0.9999721006409014]
    },
    "16": {
      "Tmat": [
        [0.9998181624819781, -0.018609789987234227, -0.004161452605893633, 0.11632041740651736],
        [0.018550293827161324, 0.9997312244959987, -0.013905587605631672, 0.6857798858581543],
        [0.004419114174362035, 0.013825862879507487, 0.9998946529237722, -0.050678181641328535],
        [0.0, 0.0, 0.0, 1.0]
      ],
      "xyz": [0.11632041740651736, 0.6857798858581543, -0.050678181641328535],
      "qxyzw": [0.006933344470887538, -0.00214529078725445, 0.009290666631026805, 0.9999305025727729]
    },
    "17": {
      "Tmat": [
        [0.9996732834017656, 0.00342456800961576, 0.025329800367937565, -0.3708965667390886],
        [-0.003341858219620662, 0.9999889480500515, -0.0033069262755088744, 0.680410582937643],
        [-0.02534084521818499, 0.003221197246244751, 0.9996736794834247, -0.045722248640820196],
        [0.0, 0.0, 0.0, 1.0]
      ],
      "xyz": [-0.3708965667390886, 0.680410582937643, -0.045722248640820196],
      "qxyzw": [0.0016321663740425292, 0.01266871308441131, -0.0016917469969734914, 0.999916985421195]
    },
    "21": {
      "Tmat": [
        [0.999836003217914, -0.002314664406275204, 0.017961319492575397, -0.24769305085334414],
        [0.002617298709788359, 0.9998547032850033, -0.0168440513630751, 0.7927614471579203],
        [-0.01791972144570862, 0.0168882991311882, 0.9996967884992751, 1.2082090176890325e-05],
        [0.0, 0.0, 0.0, 1.0]
      ],
      "xyz": [-0.24769305085334414, 0.7927614471579203, 1.2082090176890325e-05],
      "qxyzw": [0.008433733361265848, 0.00897094710460844, 0.001233085191485615, 0.9999234339440934]
    },
    "22": {
      "Tmat": [
        [0.9999743576443711, 0.006847392875825491, -0.002096965553189298, 0.48870549633185595],
        [-0.006841048670567486, 0.9999720460892072, 0.0030177960918574727, 0.28226622052097017],
        [0.0021175709702613353, -0.0030033732650466727, 0.9999932477983124, -0.0051353538278828825],
        [0.0, 0.0, 0.0, 1.0]
      ],
      "xyz": [0.48870549633185595, 0.28226622052097017, -0.0051353538278828825],
      "qxyzw": [-0.0015053036946152862, -0.0010536420791029677, -0.0034221362017803738, 0.9999924564130336]
    },
    "24": {
      "Tmat": [
        [0.9999582975677941, -0.0023978053356385753, 0.008812131120887573, -0.3627741055719762],
        [0.002349942344206112, 0.9999824537055066, 0.005437835239605776, 0.15120393984343525],
        [-0.008825015370991751, -0.005416900468586929, 0.9999463867093152, -0.038587038710564014],
        [0.0, 0.0, 0.0, 1.0]
      ],
      "xyz": [-0.3627741055719762, 0.15120393984343525, -0.038587038710564014],
      "qxyzw": [-0.0027137222118387297, 0.004409348829409243, 0.0011869536653274849, 0.9999858921483112]
    },